<resources>
	<string name="app_name">HotelManagement</string>
	<string name="title_activity_hotel_management_home">酒店管理之家</string>
	<string name="navigation_drawer_open">打開導航抽屜</string>
	<string name="navigation_drawer_close">關閉導航抽屜</string>
	<string name="username">訪客代碼</string>
	<string name="password">房間號</string>
	<string name="home">家</string>
	<string name="food_menu">菜單</string>
	<string name="hotel_activity">酒店活動</string>
	<string name="touristic_places">旅遊景點</string>
	<string name="about_us">關於我們</string>
	<string name="write_to_us">給我們寫信</string>
	<string name="logout">登出</string>
	<string name="login">登錄</string>
	<string name="logout_dialog">你確定，要註銷</string>
	<string name="about">關於我們</string>
	<string name="write">寫給我們</string>
	<string name="action_logout">登出</string>
	<string name="welcome">歡迎</string>
	<string name="location">位置</string>
	<string name="mycart">我的車</string>
	<!--slide one-->
	<string name="slide_one_title">菜單</string>
	<string name="slide_one_desc">在“食物”菜單中探索最具吸引力的交易.</string>
	<!--slide two-->
	<string name="slide_two_title">酒店活動</string>
	<string name="slide_two_desc">在我們的酒店提供遊戲和活動，客戶享受遊戲</string>
	<!--slide three-->
	<string name="slide_three_title">旅遊的地方</string>
	<string name="slide_three_desc">我們的酒店提供旅遊地點的詳細信息</string>
	<!--slide four-->
	<string name="slide_four_title">食物清單</string>
	<string name="slide_four_desc">食物清單包含大量的食物，您只需點擊一下，即可訂購食物</string>
	<string name="my_preferences">com.abc.com.MyPref</string>
	<string name="my_preferences_key">com.abc.com.MyPref.Key</string>
	<string name="internat_connection_message">请检查您的互联网连接，然后重试。</string>
	<string name="Ok">好</string>
	<string name="cancel">取消</string>
	<string name="network_validation">请求超时</string>
	<string name="quantity">数量</string>
    <string name="start">开始</string>
    <string name="next">下一个</string>
    <string name="previous">以前</string>
    <string name="skip">跳跃</string>
    <string name="loading">请稍候...</string>
    <string name="foodItem">食物項目</string>
</resources>