<resources>
	<string name="app_name">HotelManagement</string>
	<string name="title_activity_hotel_management_home">หน้าแรกของการจัดการโรงแรม</string>
    <string name="navigation_drawer_open">เปิดลิ้นชักการนำทาง</string>
    <string name="navigation_drawer_close">ปิดลิ้นชักการนำทาง</string>
    <string name="username">รหัสผู้เยี่ยมชม</string>
    <string name="password">หมายเลขห้อง</string>
    <string name="home">บ้าน</string>
    <string name="food_menu">เมนูอาหาร</string>
    <string name="hotel_activity">กิจกรรมของโรงแรม</string>
    <string name="touristic_places">สถานที่ท่องเที่ยว</string>
    <string name="about_us">เกี่ยวกับเรา</string>
    <string name="write_to_us">เขียนถึงเรา</string>
    <string name="logout">ออกจากระบบ</string>
    <string name="login">เข้าสู่ระบบ</string>
    <string name="logout_dialog">คุณแน่ใจหรือต้องการออกจากระบบ</string>
    <string name="about">เกี่ยวกับเรา</string>
    <string name="write">เขียนถึงเรา</string>
    <string name="action_logout">ออกจากระบบ</string>
    <string name="welcome">ยินดีต้อนรับ</string>
    <string name="location">ที่ตั้ง</string>
    <string name="mycart">รถเข็นของฉัน</string>
    <!--slide one-->
    <string name="slide_one_title">เมนูอาหาร</string>
    <string name="slide_one_desc">สำรวจข้อตกลงที่สำคัญที่สุดในเมนูอาหาร.</string>
    <!--slide two-->
    <string name="slide_two_title">กิจกรรมของโรงแรม</string>
    <string name="slide_two_desc">ในโรงแรมของเรามีเกมและกิจกรรมต่างๆที่ลูกค้าเพลิดเพลินไปกับเกม</string>
    <!--slide three-->
    <string name="slide_three_title">สถานที่ท่องเที่ยว</string>
    <string name="slide_three_desc">โรงแรมของเรามีรายละเอียดเกี่ยวกับสถานที่ท่องเที่ยว</string>
    <!--slide four-->
    <string name="slide_four_title">รายการอาหาร</string>
    <string name="slide_four_desc">รายการอาหารมีอาหารมากมายที่คุณสามารถสั่งอาหารได้เพียงคลิกเดียว</string>

    <string name="my_preferences">com.abc.com.MyPref</string>
    <string name="my_preferences_key">com.abc.com.MyPref.Key</string>
    <string name="internat_connection_message">โปรดตรวจสอบการเชื่อมต่ออินเทอร์เน็ตของคุณและลองอีกครั้ง</string>
    <string name="Ok">ตกลง</string>
    <string name="cancel">ยกเลิก</string>
    <string name="network_validation">คำขอหมดเวลาแล้ว</string>
    <string name="quantity">ปริมาณ</string>
    <string name="start">เริ่มต้น</string>
    <string name="next">ต่อไป</string>
    <string name="previous">Previous</string>
    <string name="skip">ข้าม</string>
    <string name="loading">โปรดรอ...</string>
    <string name="foodItem">รายการอาหาร</string>
</resources>