<?xml version="1.0" encoding="UTF-8"?>
<ti:app xmlns:ti="http://ti.appcelerator.org">
	<id>com.poc.app</id>
	<name>Day2Day Mart</name>
	<version>1.0</version>
	<publisher>hemantsolanki</publisher>
	<url>undefined</url>
	<description>undefined</description>
	<copyright>2018 by hemantsolanki</copyright>
	<icon>appicon.png</icon>
	<fullscreen>false</fullscreen>
	<navbar-hidden>false</navbar-hidden>
	<analytics>true</analytics>
	<guid>a098dad7-3c5b-48ba-9777-679bf3898301</guid>
	<property name="ti.ui.defaultunit" type="string">dp</property>
	<property name="run-on-main-thread" type="bool">true</property>
	<ios>
		<enable-launch-screen-storyboard>false</enable-launch-screen-storyboard>
		<use-app-thinning>true</use-app-thinning>
		<plist>
			<dict>
				<key>UISupportedInterfaceOrientations~iphone</key>
				<array>
					<string>UIInterfaceOrientationPortrait</string>
				</array>
				<key>UISupportedInterfaceOrientations~ipad</key>
				<array>
					<string>UIInterfaceOrientationPortrait</string>
					<string>UIInterfaceOrientationPortraitUpsideDown</string>
					<string>UIInterfaceOrientationLandscapeLeft</string>
					<string>UIInterfaceOrientationLandscapeRight</string>
				</array>
				<key>UIRequiresPersistentWiFi</key>
				<false/>
				<key>UIPrerenderedIcon</key>
				<false/>
				<key>UIStatusBarHidden</key>
				<false/>
				<key>UIStatusBarStyle</key>
				<string>UIStatusBarStyleLightContent</string>
			</dict>
		</plist>
	</ios>
	<android xmlns:android="http://schemas.android.com/apk/res/android">
		<manifest android:versionCode="1" android:versionName="1.0">
			<uses-sdk android:minSdkVersion="19" android:targetSdkVersion="23"/>
			<supports-screens android:anyDensity="true"
			android:largeScreens="true" android:normalScreens="true" android:smallScreens="true"/>
			<uses-permission android:name="android.permission.CAMERA"/>
			<uses-permission android:name="android.permission.INTERNET"/>
			<uses-permission android:name="android.permission.ACCESS_WIFI_STATE"/>
			<uses-permission android:name="android.permission.WRITE_EXTERNAL_STORAGE"/>
			<uses-permission android:name="android.permission.ACCESS_NETWORK_STATE"/>
			<uses-permission android:name="android.permission.ACCESS_LOCATION_EXTRA_COMMANDS"/>
			<uses-permission android:name="android.permission.READ_EXTERNAL_STORAGE"/>
			<uses-permission android:name="android.permission.ACCESS_COARSE_LOCATION"/>
			<uses-permission android:name="android.permission.ACCESS_FINE_LOCATION"/>
			<uses-permission android:name="android.permission.ACCESS_MOCK_LOCATION"/>
			<uses-permission android:name="android.permission.ACCESS_NETWORK_STATE"/>
			<uses-permission android:name="android.permission.CALL_PHONE"/>
			<uses-permission android:name="android.permission.GET_ACCOUNTS"/>
			<uses-permission android:name="android.permission.USE_CREDENTIALS"/>
			<application android:largeHeap="true">
				<activity android:name=".Day2dayMartActivity" android:label="@string/app_name" android:theme="@style/Theme.Titanium" android:configChanges="keyboardHidden|orientation|fontScale|screenSize|smallestScreenSize|screenLayout">
					<intent-filter>
						<action android:name="android.intent.action.MAIN"/>
						<category android:name="android.intent.category.LAUNCHER"/>
					</intent-filter>
				</activity>
				<activity
				android:configChanges="keyboardHidden|orientation|screenSize"
				android:name="org.appcelerator.titanium.TiActivity"
				android:screenOrientation="portrait"
				android:theme="@style/Theme.Titanium" android:windowSoftInputMode="stateHidden|adjustPan"/>

			</application>
		</manifest>
	</android>
	<modules>
		<module platform="iphone">hyperloop</module>
		<module platform="commonjs">ti.cloud</module>
	</modules>
	<deployment-targets>
		<target device="android">true</target>
		<target device="ipad">false</target>
		<target device="iphone">true</target>
	</deployment-targets>
	<sdk-version>7.0.1.GA</sdk-version>
	<plugins>
		<plugin version="1.0">ti.alloy</plugin>
	</plugins>
	<property name="appc-app-id" type="string">5a4b377d97d21372f3b1ccc2</property>
	<property name="acs-authbase-url-development" type="string">https://secure-identity.cloud.appcelerator.com</property>
	<property name="acs-base-url-development" type="string">https://api.cloud.appcelerator.com</property>
	<property name="acs-oauth-secret-development" type="string">a722qpTyDdSetPE9jFdWu2WZb45G18rH</property>
	<property name="acs-oauth-key-development" type="string">D16qnLNk4sAOwl2E73Guf4ierbcZurRR</property>
	<property name="acs-api-key-development" type="string">YDDIRo6m9nEuujfQCQz6P7SE9xt5lYuL</property>
	<property name="acs-username-development" type="string">appc_app_user_dev</property>
	<property name="acs-password-development" type="string">omA4Hkn696xDObUIRO</property>
	<property name="acs-authbase-url-production" type="string">https://secure-identity.cloud.appcelerator.com</property>
	<property name="acs-base-url-production" type="string">https://api.cloud.appcelerator.com</property>
	<property name="acs-oauth-secret-production" type="string">vnqH1E7n6LY8iFmJl57NVbGSaiCBDNup</property>
	<property name="acs-oauth-key-production" type="string">UJhSoy55Ds5XPtPvQMRhyRLm5OlykXD5</property>
	<property name="acs-api-key-production" type="string">BUmiHbB6NO0RcNtHuS3Gy4Dz92t3WYSW</property>
	<property name="acs-username-production" type="string">appc_app_user</property>
	<property name="acs-password-production" type="string">i3xHSw6jQlxRgttuIU</property>
	<property name="appc-org-id" type="string">220959560603109</property>
	<property name="appc-creator-user-id" type="string">025572e5-ba70-4868-9445-60d8f18a1be5</property>
</ti:app>
